,dataset,matrix,sibling_count,data_size,vocab_size,config,is_pre
0,Benign,blosum62,1244,30727,800,0.7_3_12_0,False
1,Benign,blosum62,4868,30727,51200,0.7_3_12_0.1,False
2,Benign,blosum62,664,30727,1600,0.8_3_12_0.2,False
3,Benign,blosum62,2571,30727,51200,0.8_3_12_0.2,False
4,Benign,blosum62,415,30727,800,0.8_3_12_0.005,False
5,Benign,blosum62,290,30727,800,0.9_3_12_0,False
6,Benign,blosum62,548,30727,1600,0.9_3_12_0.005,False
7,Benign,blosum62,290,30727,800,0.9_3_12_0.05,False
8,Benign,blosum62,1271,30727,51200,0.9_3_12_0.1,False
9,Benign,blosum62,4944,30727,51200,0.7_3_12_0.05,False
10,Benign,blosum62,793,30727,1600,0.8_3_12_0.1,False
11,Benign,blosum62,1333,30727,800,0.7_3_12_0.1,False
12,Benign,blosum62,3531,30727,6400,0.7_3_12_0.1,False
13,Benign,blosum62,2162,30727,12800,0.8_3_12_0,False
14,Benign,blosum62,4528,30727,25600,0.7_3_12_0,False
15,Benign,blosum62,2167,30727,12800,0.8_3_12_0.005,False
16,Benign,blosum62,3021,30727,3200,0.7_3_12_0.1,False
17,Benign,blosum62,2716,30727,3200,0.7_3_12_0.2,False
18,Benign,blosum62,282,30727,800,0.9_3_12_0.2,False
19,Benign,blosum62,1023,30727,12800,0.9_3_12_0.05,False
20,Benign,blosum62,5005,30727,51200,0.7_3_12_0.005,False
21,Benign,blosum62,2203,30727,1600,0.7_3_12_0,False
22,Benign,blosum62,409,30727,800,0.8_3_12_0,False
23,Benign,blosum62,3198,30727,6400,0.7_3_12_0.2,False
24,Benign,blosum62,5001,30727,51200,0.7_3_12_0,False
25,Benign,blosum62,1293,30727,800,0.7_3_12_0.05,False
26,Benign,blosum62,1263,30727,3200,0.8_3_12_0.05,False
27,Benign,blosum62,4529,30727,25600,0.7_3_12_0.005,False
28,Benign,blosum62,782,30727,1600,0.8_3_12_0.005,False
29,Benign,blosum62,1696,30727,6400,0.8_3_12_0.05,False
30,Benign,blosum62,703,30727,3200,0.9_3_12_0,False
31,Benign,blosum62,1016,30727,12800,0.9_3_12_0,False
32,Benign,blosum62,2125,30727,12800,0.8_3_12_0.1,False
33,Benign,blosum62,4507,30727,25600,0.7_3_12_0.1,False
34,Benign,blosum62,825,30727,6400,0.9_3_12_0.2,False
35,Benign,blosum62,684,30727,3200,0.9_3_12_0.2,False
36,Benign,blosum62,3656,30727,12800,0.7_3_12_0.2,False
37,Benign,blosum62,2222,30727,25600,0.8_3_12_0.2,False
38,Benign,blosum62,1016,30727,12800,0.9_3_12_0.005,False
39,Benign,blosum62,548,30727,1600,0.9_3_12_0.05,False
40,Benign,blosum62,852,30727,6400,0.9_3_12_0,False
41,Benign,blosum62,2956,30727,3200,0.7_3_12_0.005,False
42,Benign,blosum62,698,30727,3200,0.9_3_12_0.1,False
43,Benign,blosum62,1176,30727,25600,0.9_3_12_0.1,False
44,Benign,blosum62,1258,30727,3200,0.8_3_12_0,False
45,Benign,blosum62,2174,30727,12800,0.8_3_12_0.05,False
46,Benign,blosum62,991,30727,12800,0.9_3_12_0.2,False
47,Benign,blosum62,330,30727,800,0.8_3_12_0.2,False
48,Benign,blosum62,1692,30727,6400,0.8_3_12_0,False
49,Benign,blosum62,2251,30727,1600,0.7_3_12_0.05,False
50,Benign,blosum62,849,30727,6400,0.9_3_12_0.1,False
51,Benign,blosum62,3496,30727,6400,0.7_3_12_0.005,False
52,Benign,blosum62,4523,30727,25600,0.7_3_12_0.05,False
53,Benign,blosum62,1039,30727,3200,0.8_3_12_0.2,False
54,Benign,blosum62,4036,30727,12800,0.7_3_12_0,False
55,Benign,blosum62,2642,30727,25600,0.8_3_12_0,False
56,Benign,blosum62,2639,30727,25600,0.8_3_12_0.005,False
57,Benign,blosum62,419,30727,800,0.8_3_12_0.1,False
58,Benign,blosum62,1409,30727,6400,0.8_3_12_0.2,False
59,Benign,blosum62,1663,30727,6400,0.8_3_12_0.1,False
60,Benign,blosum62,703,30727,3200,0.9_3_12_0.005,False
61,Benign,blosum62,1181,30727,25600,0.9_3_12_0.05,False
62,Benign,blosum62,852,30727,6400,0.9_3_12_0.005,False
63,Benign,blosum62,1242,30727,3200,0.8_3_12_0.1,False
64,Benign,blosum62,4398,30727,51200,0.7_3_12_0.2,False
65,Benign,blosum62,1305,30727,51200,0.9_3_12_0.005,False
66,Benign,blosum62,290,30727,800,0.9_3_12_0.005,False
67,Benign,blosum62,2308,30727,1600,0.7_3_12_0.1,False
68,Benign,blosum62,1307,30727,51200,0.9_3_12_0,False
69,Benign,blosum62,2985,30727,51200,0.8_3_12_0.1,False
70,Benign,blosum62,3065,30727,51200,0.8_3_12_0.05,False
71,Benign,blosum62,2944,30727,3200,0.7_3_12_0,False
72,Benign,blosum62,1227,30727,51200,0.9_3_12_0.2,False
73,Benign,blosum62,2096,30727,1600,0.7_3_12_0.2,False
74,Benign,blosum62,1273,30727,800,0.7_3_12_0.005,False
75,Benign,blosum62,3462,30727,6400,0.7_3_12_0,False
76,Benign,blosum62,290,30727,800,0.9_3_12_0.1,False
77,Benign,blosum62,1812,30727,12800,0.8_3_12_0.2,False
78,Benign,blosum62,4093,30727,25600,0.7_3_12_0.2,False
79,Benign,blosum62,1186,30727,25600,0.9_3_12_0.005,False
80,Benign,blosum62,1184,30727,25600,0.9_3_12_0,False
81,Benign,blosum62,4036,30727,12800,0.7_3_12_0.1,False
82,Benign,blosum62,2572,30727,25600,0.8_3_12_0.1,False
83,Benign,blosum62,4030,30727,12800,0.7_3_12_0.05,False
84,Benign,blosum62,1695,30727,6400,0.8_3_12_0.005,False
85,Benign,blosum62,1139,30727,25600,0.9_3_12_0.2,False
86,Benign,blosum62,1208,30727,800,0.7_3_12_0.2,False
87,Benign,blosum62,2635,30727,25600,0.8_3_12_0.05,False
88,Benign,blosum62,784,30727,1600,0.8_3_12_0.05,False
89,Benign,blosum62,1259,30727,3200,0.8_3_12_0.005,False
90,Benign,blosum62,1018,30727,12800,0.9_3_12_0.1,False
91,Benign,blosum62,3088,30727,51200,0.8_3_12_0,False
92,Benign,blosum62,3085,30727,51200,0.8_3_12_0.005,False
93,Benign,blosum62,856,30727,6400,0.9_3_12_0.05,False
94,Benign,blosum62,548,30727,1600,0.9_3_12_0,False
95,Benign,blosum62,705,30727,3200,0.9_3_12_0.05,False
96,Benign,blosum62,529,30727,1600,0.9_3_12_0.2,False
97,Benign,blosum62,774,30727,1600,0.8_3_12_0,False
98,Benign,blosum62,3508,30727,6400,0.7_3_12_0.05,False
99,Benign,blosum62,544,30727,1600,0.9_3_12_0.1,False
100,Benign,blosum62,2209,30727,1600,0.7_3_12_0.005,False
101,Benign,blosum62,2992,30727,3200,0.7_3_12_0.05,False
102,Benign,blosum62,429,30727,800,0.8_3_12_0.05,False
103,Benign,blosum62,1286,30727,51200,0.9_3_12_0.05,False
104,Benign,blosum62,4048,30727,12800,0.7_3_12_0.005,False
105,Benign,pam250,1613,30727,800,0.8_3_12_0.05,False
106,Benign,pam250,1751,30727,3200,0.9_3_12_0,False
107,Benign,pam250,1753,30727,3200,0.9_3_12_0.005,False
108,Benign,pam250,5135,30727,51200,0.8_3_12_0.2,False
109,Benign,pam250,1289,30727,1600,0.9_3_12_0.1,False
110,Benign,pam250,2164,30727,6400,0.9_3_12_0.005,False
111,Benign,pam250,3018,30727,25600,0.9_3_12_0.05,False
112,Benign,pam250,2157,30727,6400,0.9_3_12_0,False
113,Benign,pam250,1284,30727,1600,0.9_3_12_0.2,False
114,Benign,pam250,3351,30727,3200,0.8_3_12_0,False
115,Benign,pam250,6006,30727,51200,0.8_3_12_0.005,False
116,Benign,pam250,4021,30727,6400,0.8_3_12_0,False
117,Benign,pam250,3303,30727,51200,0.9_3_12_0.1,False
118,Benign,pam250,1573,30727,800,0.8_3_12_0,False
119,Benign,pam250,1592,30727,800,0.8_3_12_0.005,False
120,Benign,pam250,3421,30727,51200,0.9_3_12_0,False
121,Benign,pam250,5952,30727,51200,0.8_3_12_0.05,False
122,Benign,pam250,769,30727,800,0.9_3_12_0,False
123,Benign,pam250,5448,30727,25600,0.8_3_12_0,False
124,Benign,pam250,3065,30727,25600,0.9_3_12_0.005,False
125,Benign,pam250,1572,30727,800,0.8_3_12_0.1,False
126,Benign,pam250,5404,30727,25600,0.8_3_12_0.05,False
127,Benign,pam250,4048,30727,6400,0.8_3_12_0.005,False
128,Benign,pam250,3386,30727,3200,0.8_3_12_0.005,False
129,Benign,pam250,6049,30727,51200,0.8_3_12_0,False
130,Benign,pam250,4044,30727,6400,0.8_3_12_0.05,False
131,Benign,pam250,3421,30727,3200,0.8_3_12_0.05,False
132,Benign,pam250,3413,30727,51200,0.9_3_12_0.005,False
133,Benign,pam250,4794,30727,25600,0.8_3_12_0.2,False
134,Benign,pam250,1273,30727,1600,0.9_3_12_0.05,False
135,Benign,pam250,3361,30727,3200,0.8_3_12_0.1,False
136,Benign,pam250,3339,30727,51200,0.9_3_12_0.05,False
137,Benign,pam250,4004,30727,6400,0.8_3_12_0.1,False
138,Benign,pam250,4702,30727,12800,0.8_3_12_0.1,False
139,Benign,pam250,779,30727,800,0.9_3_12_0.1,False
140,Benign,pam250,3669,30727,6400,0.8_3_12_0.2,False
141,Benign,pam250,2520,30727,12800,0.9_3_12_0.2,False
142,Benign,pam250,3065,30727,25600,0.9_3_12_0,False
143,Benign,pam250,3095,30727,3200,0.8_3_12_0.2,False
144,Benign,pam250,5441,30727,25600,0.8_3_12_0.005,False
145,Benign,pam250,3001,30727,25600,0.9_3_12_0.1,False
146,Benign,pam250,2158,30727,6400,0.9_3_12_0.1,False
147,Benign,pam250,1268,30727,1600,0.9_3_12_0.005,False
148,Benign,pam250,783,30727,800,0.9_3_12_0.2,False
149,Benign,pam250,1267,30727,1600,0.9_3_12_0,False
150,Benign,pam250,1728,30727,3200,0.9_3_12_0.1,False
151,Benign,pam250,2456,30727,1600,0.8_3_12_0,False
152,Benign,pam250,2630,30727,12800,0.9_3_12_0.005,False
153,Benign,pam250,1683,30727,3200,0.9_3_12_0.2,False
154,Benign,pam250,4711,30727,12800,0.8_3_12_0,False
155,Benign,pam250,2107,30727,6400,0.9_3_12_0.2,False
156,Benign,pam250,2597,30727,12800,0.9_3_12_0.05,False
157,Benign,pam250,5804,30727,51200,0.8_3_12_0.1,False
158,Benign,pam250,769,30727,800,0.9_3_12_0.005,False
159,Benign,pam250,3155,30727,51200,0.9_3_12_0.2,False
160,Benign,pam250,5319,30727,25600,0.8_3_12_0.1,False
161,Benign,pam250,2476,30727,1600,0.8_3_12_0.005,False
162,Benign,pam250,1453,30727,800,0.8_3_12_0.2,False
163,Benign,pam250,4317,30727,12800,0.8_3_12_0.2,False
164,Benign,pam250,4768,30727,12800,0.8_3_12_0.005,False
165,Benign,pam250,2590,30727,12800,0.9_3_12_0.1,False
166,Benign,pam250,2623,30727,12800,0.9_3_12_0,False
167,Benign,pam250,2890,30727,25600,0.9_3_12_0.2,False
168,Benign,pam250,2532,30727,1600,0.8_3_12_0.05,False
169,Benign,pam250,2529,30727,1600,0.8_3_12_0.1,False
170,Benign,pam250,1738,30727,3200,0.9_3_12_0.05,False
171,Benign,pam250,777,30727,800,0.9_3_12_0.05,False
172,Benign,pam250,2156,30727,6400,0.9_3_12_0.05,False
173,Benign,pam250,4773,30727,12800,0.8_3_12_0.05,False
174,Benign,pam250,2367,30727,1600,0.8_3_12_0.2,False
175,Benign,blosum45,556,30727,800,0.8_3_12_0.05,False
176,Benign,blosum45,3819,30727,12800,0.7_3_12_0.05,False
177,Benign,blosum45,1847,30727,6400,0.8_3_12_0.005,False
178,Benign,blosum45,27,30727,800,0.9_3_12_0,False
179,Benign,blosum45,2676,30727,25600,0.8_3_12_0.05,False
180,Benign,blosum45,991,30727,1600,0.8_3_12_0,False
181,Benign,blosum45,54,30727,1600,0.9_3_12_0.1,False
182,Benign,blosum45,1411,30727,3200,0.8_3_12_0.005,False
183,Benign,blosum45,52,30727,1600,0.9_3_12_0.2,False
184,Benign,blosum45,55,30727,1600,0.9_3_12_0,False
185,Benign,blosum45,1134,30727,800,0.7_3_12_0,False
186,Benign,blosum45,4690,30727,51200,0.7_3_12_0,False
187,Benign,blosum45,410,30727,12800,0.9_3_12_0.005,False
188,Benign,blosum45,2782,30727,51200,0.8_3_12_0.2,False
189,Benign,blosum45,4265,30727,25600,0.7_3_12_0.005,False
190,Benign,blosum45,1959,30727,1600,0.7_3_12_0.005,False
191,Benign,blosum45,572,30727,800,0.8_3_12_0,False
192,Benign,blosum45,4565,30727,51200,0.7_3_12_0.1,False
193,Benign,blosum45,780,30727,51200,0.9_3_12_0.05,False
194,Benign,blosum45,584,30727,800,0.8_3_12_0.2,False
195,Benign,blosum45,411,30727,12800,0.9_3_12_0,False
196,Benign,blosum45,572,30727,800,0.8_3_12_0.005,False
197,Benign,blosum45,793,30727,51200,0.9_3_12_0.1,False
198,Benign,blosum45,4735,30727,51200,0.7_3_12_0.005,False
199,Benign,blosum45,2647,30727,3200,0.7_3_12_0,False
200,Benign,blosum45,3429,30727,12800,0.7_3_12_0.2,False
201,Benign,blosum45,2467,30727,25600,0.8_3_12_0.2,False
202,Benign,blosum45,122,30727,3200,0.9_3_12_0.005,False
203,Benign,blosum45,54,30727,1600,0.9_3_12_0.05,False
204,Benign,blosum45,620,30727,25600,0.9_3_12_0.05,False
205,Benign,blosum45,251,30727,6400,0.9_3_12_0.005,False
206,Benign,blosum45,1912,30727,1600,0.7_3_12_0.2,False
207,Benign,blosum45,3171,30727,6400,0.7_3_12_0,False
208,Benign,blosum45,2226,30727,12800,0.8_3_12_0.1,False
209,Benign,blosum45,4200,30727,25600,0.7_3_12_0.1,False
210,Benign,blosum45,416,30727,12800,0.9_3_12_0.2,False
211,Benign,blosum45,2031,30727,1600,0.7_3_12_0.1,False
212,Benign,blosum45,2024,30727,1600,0.7_3_12_0.05,False
213,Benign,blosum45,623,30727,25600,0.9_3_12_0.1,False
214,Benign,blosum45,2292,30727,12800,0.8_3_12_0.005,False
215,Benign,blosum45,3076,30727,51200,0.8_3_12_0.05,False
216,Benign,blosum45,25,30727,800,0.9_3_12_0.2,False
217,Benign,blosum45,1400,30727,3200,0.8_3_12_0.1,False
218,Benign,blosum45,1844,30727,6400,0.8_3_12_0.1,False
219,Benign,blosum45,1720,30727,6400,0.8_3_12_0.2,False
220,Benign,blosum45,1201,30727,800,0.7_3_12_0.1,False
221,Benign,blosum45,1832,30727,6400,0.8_3_12_0.05,False
222,Benign,blosum45,1398,30727,3200,0.8_3_12_0.05,False
223,Benign,blosum45,1319,30727,3200,0.8_3_12_0.2,False
224,Benign,blosum45,4252,30727,25600,0.7_3_12_0,False
225,Benign,blosum45,2284,30727,12800,0.8_3_12_0,False
226,Benign,blosum45,1403,30727,3200,0.8_3_12_0,False
227,Benign,blosum45,255,30727,6400,0.9_3_12_0.1,False
228,Benign,blosum45,27,30727,800,0.9_3_12_0.005,False
229,Benign,blosum45,1128,30727,800,0.7_3_12_0.2,False
230,Benign,blosum45,2995,30727,51200,0.8_3_12_0.1,False
231,Benign,blosum45,3781,30727,12800,0.7_3_12_0.005,False
232,Benign,blosum45,1002,30727,1600,0.8_3_12_0.005,False
233,Benign,blosum45,4086,30727,51200,0.7_3_12_0.2,False
234,Benign,blosum45,122,30727,3200,0.9_3_12_0.1,False
235,Benign,blosum45,1828,30727,6400,0.8_3_12_0,False
236,Benign,blosum45,1150,30727,800,0.7_3_12_0.005,False
237,Benign,blosum45,119,30727,3200,0.9_3_12_0.2,False
238,Benign,blosum45,123,30727,3200,0.9_3_12_0,False
239,Benign,blosum45,3149,30727,51200,0.8_3_12_0.005,False
240,Benign,blosum45,27,30727,800,0.9_3_12_0.1,False
241,Benign,blosum45,781,30727,51200,0.9_3_12_0.2,False
242,Benign,blosum45,252,30727,6400,0.9_3_12_0,False
243,Benign,blosum45,253,30727,6400,0.9_3_12_0.2,False
244,Benign,blosum45,630,30727,25600,0.9_3_12_0,False
245,Benign,blosum45,2675,30727,3200,0.7_3_12_0.005,False
246,Benign,blosum45,2259,30727,12800,0.8_3_12_0.05,False
247,Benign,blosum45,3204,30727,6400,0.7_3_12_0.005,False
248,Benign,blosum45,4325,30727,25600,0.7_3_12_0.05,False
249,Benign,blosum45,1184,30727,800,0.7_3_12_0.05,False
250,Benign,blosum45,632,30727,25600,0.9_3_12_0.005,False
251,Benign,blosum45,3160,30727,51200,0.8_3_12_0,False
252,Benign,blosum45,122,30727,3200,0.9_3_12_0.05,False
253,Benign,blosum45,54,30727,1600,0.9_3_12_0.005,False
254,Benign,blosum45,1942,30727,1600,0.7_3_12_0,False
255,Benign,blosum45,2975,30727,6400,0.7_3_12_0.2,False
256,Benign,blosum45,4699,30727,51200,0.7_3_12_0.05,False
257,Benign,blosum45,2468,30727,3200,0.7_3_12_0.2,False
258,Benign,blosum45,253,30727,6400,0.9_3_12_0.05,False
259,Benign,blosum45,2713,30727,25600,0.8_3_12_0,False
260,Benign,blosum45,3762,30727,12800,0.7_3_12_0,False
261,Benign,blosum45,795,30727,51200,0.9_3_12_0.005,False
262,Benign,blosum45,2722,30727,3200,0.7_3_12_0.05,False
263,Benign,blosum45,2681,30727,3200,0.7_3_12_0.1,False
264,Benign,blosum45,3227,30727,6400,0.7_3_12_0.1,False
265,Benign,blosum45,558,30727,800,0.8_3_12_0.1,False
266,Benign,blosum45,3266,30727,6400,0.7_3_12_0.05,False
267,Benign,blosum45,1007,30727,1600,0.8_3_12_0.1,False
268,Benign,blosum45,3776,30727,12800,0.7_3_12_0.1,False
269,Benign,blosum45,2645,30727,25600,0.8_3_12_0.1,False
270,Benign,blosum45,414,30727,12800,0.9_3_12_0.05,False
271,Benign,blosum45,2087,30727,12800,0.8_3_12_0.2,False
272,Benign,blosum45,3792,30727,25600,0.7_3_12_0.2,False
273,Benign,blosum45,27,30727,800,0.9_3_12_0.05,False
274,Benign,blosum45,2704,30727,25600,0.8_3_12_0.005,False
275,Benign,blosum45,419,30727,12800,0.9_3_12_0.1,False
276,Benign,blosum45,970,30727,1600,0.8_3_12_0.2,False
277,Benign,blosum45,793,30727,51200,0.9_3_12_0,False
278,Benign,blosum45,615,30727,25600,0.9_3_12_0.2,False
279,Benign,blosum45,1000,30727,1600,0.8_3_12_0.05,False
280,Benign,pam70,0,30727,800,0.9_3_12_0.05,False
281,Benign,pam70,435,30727,800,0.8_3_12_0.2,False
282,Benign,pam70,745,30727,1600,0.8_3_12_0.1,False
283,Benign,pam70,49,30727,51200,0.9_3_12_0.05,False
284,Benign,pam70,8,30727,12800,0.9_3_12_0,False
285,Benign,pam70,738,30727,1600,0.8_3_12_0.2,False
286,Benign,pam70,8,30727,12800,0.9_3_12_0.005,False
287,Benign,pam70,1052,30727,3200,0.8_3_12_0.05,False
288,Benign,pam70,1428,30727,6400,0.8_3_12_0.05,False
289,Benign,pam70,1553,30727,1600,0.7_3_12_0.005,False
290,Benign,pam70,3445,30727,25600,0.7_3_12_0.1,False
291,Benign,pam70,1050,30727,3200,0.8_3_12_0,False
292,Benign,pam70,1741,30727,12800,0.8_3_12_0.1,False
293,Benign,pam70,1985,30727,3200,0.7_3_12_0.2,False
294,Benign,pam70,3549,30727,25600,0.7_3_12_0.005,False
295,Benign,pam70,0,30727,1600,0.9_3_12_0.05,False
296,Benign,pam70,1972,30727,25600,0.8_3_12_0.2,False
297,Benign,pam70,2837,30727,12800,0.7_3_12_0.2,False
298,Benign,pam70,2393,30727,6400,0.7_3_12_0.2,False
299,Benign,pam70,1433,30727,6400,0.8_3_12_0,False
300,Benign,pam70,7,30727,3200,0.9_3_12_0,False
301,Benign,pam70,16,30727,25600,0.9_3_12_0.1,False
302,Benign,pam70,2551,30727,6400,0.7_3_12_0.1,False
303,Benign,pam70,1050,30727,3200,0.8_3_12_0.005,False
304,Benign,pam70,1430,30727,6400,0.8_3_12_0.005,False
305,Benign,pam70,2106,30727,3200,0.7_3_12_0.1,False
306,Benign,pam70,3947,30727,51200,0.7_3_12_0,False
307,Benign,pam70,2105,30727,25600,0.8_3_12_0.05,False
308,Benign,pam70,6,30727,6400,0.9_3_12_0,False
309,Benign,pam70,1578,30727,1600,0.7_3_12_0.05,False
310,Benign,pam70,3,30727,12800,0.9_3_12_0.2,False
311,Benign,pam70,3028,30727,12800,0.7_3_12_0.05,False
312,Benign,pam70,0,30727,800,0.9_3_12_0.2,False
313,Benign,pam70,3783,30727,51200,0.7_3_12_0.1,False
314,Benign,pam70,3929,30727,51200,0.7_3_12_0.005,False
315,Benign,pam70,0,30727,800,0.9_3_12_0,False
316,Benign,pam70,2235,30727,51200,0.8_3_12_0.2,False
317,Benign,pam70,49,30727,51200,0.9_3_12_0.1,False
318,Benign,pam70,1779,30727,12800,0.8_3_12_0.005,False
319,Benign,pam70,1022,30727,800,0.7_3_12_0.1,False
320,Benign,pam70,422,30727,800,0.8_3_12_0.005,False
321,Benign,pam70,2386,30727,51200,0.8_3_12_0.05,False
322,Benign,pam70,1780,30727,12800,0.8_3_12_0,False
323,Benign,pam70,985,30727,800,0.7_3_12_0,False
324,Benign,pam70,3555,30727,25600,0.7_3_12_0,False
325,Benign,pam70,1006,30727,800,0.7_3_12_0.05,False
326,Benign,pam70,422,30727,800,0.8_3_12_0,False
327,Benign,pam70,5,30727,3200,0.9_3_12_0.1,False
328,Benign,pam70,1553,30727,1600,0.7_3_12_0,False
329,Benign,pam70,5,30727,6400,0.9_3_12_0.1,False
330,Benign,pam70,16,30727,25600,0.9_3_12_0.05,False
331,Benign,pam70,2,30727,6400,0.9_3_12_0.2,False
332,Benign,pam70,6,30727,6400,0.9_3_12_0.005,False
333,Benign,pam70,7,30727,3200,0.9_3_12_0.005,False
334,Benign,pam70,2,30727,3200,0.9_3_12_0.2,False
335,Benign,pam70,3063,30727,12800,0.7_3_12_0.005,False
336,Benign,pam70,3199,30727,25600,0.7_3_12_0.2,False
337,Benign,pam70,1405,30727,6400,0.8_3_12_0.1,False
338,Benign,pam70,1694,30727,12800,0.8_3_12_0.2,False
339,Benign,pam70,1059,30727,3200,0.8_3_12_0.1,False
340,Benign,pam70,2055,30727,25600,0.8_3_12_0.1,False
341,Benign,pam70,3003,30727,12800,0.7_3_12_0.1,False
342,Benign,pam70,736,30727,1600,0.8_3_12_0.05,False
343,Benign,pam70,2597,30727,6400,0.7_3_12_0.005,False
344,Benign,pam70,3516,30727,25600,0.7_3_12_0.05,False
345,Benign,pam70,1042,30727,3200,0.8_3_12_0.2,False
346,Benign,pam70,12,30727,25600,0.9_3_12_0.2,False
347,Benign,pam70,1775,30727,12800,0.8_3_12_0.05,False
348,Benign,pam70,2437,30727,51200,0.8_3_12_0,False
349,Benign,pam70,7,30727,12800,0.9_3_12_0.1,False
350,Benign,pam70,2435,30727,51200,0.8_3_12_0.005,False
351,Benign,pam70,1362,30727,6400,0.8_3_12_0.2,False
352,Benign,pam70,2113,30727,3200,0.7_3_12_0.005,False
353,Benign,pam70,969,30727,800,0.7_3_12_0.2,False
354,Benign,pam70,5,30727,6400,0.9_3_12_0.05,False
355,Benign,pam70,1512,30727,1600,0.7_3_12_0.2,False
356,Benign,pam70,732,30727,1600,0.8_3_12_0,False
357,Benign,pam70,5,30727,3200,0.9_3_12_0.05,False
358,Benign,pam70,732,30727,1600,0.8_3_12_0.005,False
359,Benign,pam70,0,30727,1600,0.9_3_12_0,False
360,Benign,pam70,2571,30727,6400,0.7_3_12_0.05,False
361,Benign,pam70,0,30727,800,0.9_3_12_0.1,False
362,Benign,pam70,20,30727,25600,0.9_3_12_0.005,False
363,Benign,pam70,2111,30727,3200,0.7_3_12_0.05,False
364,Benign,pam70,20,30727,25600,0.9_3_12_0,False
365,Benign,pam70,1584,30727,1600,0.7_3_12_0.1,False
366,Benign,pam70,55,30727,51200,0.9_3_12_0,False
367,Benign,pam70,7,30727,12800,0.9_3_12_0.05,False
368,Benign,pam70,53,30727,51200,0.9_3_12_0.005,False
369,Benign,pam70,3506,30727,51200,0.7_3_12_0.2,False
370,Benign,pam70,2122,30727,3200,0.7_3_12_0,False
371,Benign,pam70,0,30727,1600,0.9_3_12_0.1,False
372,Benign,pam70,2327,30727,51200,0.8_3_12_0.1,False
373,Benign,pam70,2601,30727,6400,0.7_3_12_0,False
374,Benign,pam70,0,30727,800,0.9_3_12_0.005,False
375,Benign,pam70,426,30727,800,0.8_3_12_0.05,False
376,Benign,pam70,3061,30727,12800,0.7_3_12_0,False
377,Benign,pam70,2125,30727,25600,0.8_3_12_0,False
378,Benign,pam70,3859,30727,51200,0.7_3_12_0.05,False
379,Benign,pam70,36,30727,51200,0.9_3_12_0.2,False
380,Benign,pam70,433,30727,800,0.8_3_12_0.1,False
381,Benign,pam70,982,30727,800,0.7_3_12_0.005,False
382,Benign,pam70,2118,30727,25600,0.8_3_12_0.005,False
383,Benign,pam70,0,30727,1600,0.9_3_12_0.2,False
384,Benign,pam70,0,30727,1600,0.9_3_12_0.005,False
385,Pathogenic,blosum62,585,32000,800,0.7_3_12_0,False
386,Pathogenic,blosum62,2327,32000,51200,0.7_3_12_0.1,False
387,Pathogenic,blosum62,149,32000,1600,0.8_3_12_0.2,False
388,Pathogenic,blosum62,888,32000,51200,0.8_3_12_0.2,False
389,Pathogenic,blosum62,109,32000,800,0.8_3_12_0.005,False
390,Pathogenic,blosum62,16,32000,800,0.9_3_12_0,False
391,Pathogenic,blosum62,45,32000,1600,0.9_3_12_0.005,False
392,Pathogenic,blosum62,16,32000,800,0.9_3_12_0.05,False
393,Pathogenic,blosum62,135,32000,51200,0.9_3_12_0.1,False
394,Pathogenic,blosum62,2377,32000,51200,0.7_3_12_0.05,False
395,Pathogenic,blosum62,226,32000,1600,0.8_3_12_0.1,False
396,Pathogenic,blosum62,625,32000,800,0.7_3_12_0.1,False
397,Pathogenic,blosum62,1642,32000,6400,0.7_3_12_0.1,False
398,Pathogenic,blosum62,687,32000,12800,0.8_3_12_0,False
399,Pathogenic,blosum62,2194,32000,25600,0.7_3_12_0,False
400,Pathogenic,blosum62,688,32000,12800,0.8_3_12_0.005,False
401,Pathogenic,blosum62,1394,32000,3200,0.7_3_12_0.1,False
402,Pathogenic,blosum62,1285,32000,3200,0.7_3_12_0.2,False
403,Pathogenic,blosum62,16,32000,800,0.9_3_12_0.2,False
404,Pathogenic,blosum62,108,32000,12800,0.9_3_12_0.05,False
405,Pathogenic,blosum62,2397,32000,51200,0.7_3_12_0.005,False
406,Pathogenic,blosum62,957,32000,1600,0.7_3_12_0,False
407,Pathogenic,blosum62,108,32000,800,0.8_3_12_0,False
408,Pathogenic,blosum62,1529,32000,6400,0.7_3_12_0.2,False
409,Pathogenic,blosum62,2398,32000,51200,0.7_3_12_0,False
410,Pathogenic,blosum62,608,32000,800,0.7_3_12_0.05,False
411,Pathogenic,blosum62,359,32000,3200,0.8_3_12_0.05,False
412,Pathogenic,blosum62,2192,32000,25600,0.7_3_12_0.005,False
413,Pathogenic,blosum62,225,32000,1600,0.8_3_12_0.005,False
414,Pathogenic,blosum62,514,32000,6400,0.8_3_12_0.05,False
415,Pathogenic,blosum62,60,32000,3200,0.9_3_12_0,False
416,Pathogenic,blosum62,111,32000,12800,0.9_3_12_0,False
417,Pathogenic,blosum62,693,32000,12800,0.8_3_12_0.1,False
418,Pathogenic,blosum62,2150,32000,25600,0.7_3_12_0.1,False
419,Pathogenic,blosum62,76,32000,6400,0.9_3_12_0.2,False
420,Pathogenic,blosum62,59,32000,3200,0.9_3_12_0.2,False
421,Pathogenic,blosum62,1780,32000,12800,0.7_3_12_0.2,False
422,Pathogenic,blosum62,732,32000,25600,0.8_3_12_0.2,False
423,Pathogenic,blosum62,111,32000,12800,0.9_3_12_0.005,False
424,Pathogenic,blosum62,45,32000,1600,0.9_3_12_0.05,False
425,Pathogenic,blosum62,77,32000,6400,0.9_3_12_0,False
426,Pathogenic,blosum62,1355,32000,3200,0.7_3_12_0.005,False
427,Pathogenic,blosum62,60,32000,3200,0.9_3_12_0.1,False
428,Pathogenic,blosum62,130,32000,25600,0.9_3_12_0.1,False
429,Pathogenic,blosum62,353,32000,3200,0.8_3_12_0,False
430,Pathogenic,blosum62,688,32000,12800,0.8_3_12_0.05,False
431,Pathogenic,blosum62,98,32000,12800,0.9_3_12_0.2,False
432,Pathogenic,blosum62,65,32000,800,0.8_3_12_0.2,False
433,Pathogenic,blosum62,512,32000,6400,0.8_3_12_0,False
434,Pathogenic,blosum62,981,32000,1600,0.7_3_12_0.05,False
435,Pathogenic,blosum62,78,32000,6400,0.9_3_12_0.1,False
436,Pathogenic,blosum62,1638,32000,6400,0.7_3_12_0.005,False
437,Pathogenic,blosum62,2157,32000,25600,0.7_3_12_0.05,False
438,Pathogenic,blosum62,256,32000,3200,0.8_3_12_0.2,False
439,Pathogenic,blosum62,1886,32000,12800,0.7_3_12_0,False
440,Pathogenic,blosum62,884,32000,25600,0.8_3_12_0,False
441,Pathogenic,blosum62,889,32000,25600,0.8_3_12_0.005,False
442,Pathogenic,blosum62,108,32000,800,0.8_3_12_0.1,False
443,Pathogenic,blosum62,388,32000,6400,0.8_3_12_0.2,False
444,Pathogenic,blosum62,523,32000,6400,0.8_3_12_0.1,False
445,Pathogenic,blosum62,60,32000,3200,0.9_3_12_0.005,False
446,Pathogenic,blosum62,134,32000,25600,0.9_3_12_0.05,False
447,Pathogenic,blosum62,77,32000,6400,0.9_3_12_0.005,False
448,Pathogenic,blosum62,366,32000,3200,0.8_3_12_0.1,False
449,Pathogenic,blosum62,2146,32000,51200,0.7_3_12_0.2,False
450,Pathogenic,blosum62,149,32000,51200,0.9_3_12_0.005,False
451,Pathogenic,blosum62,16,32000,800,0.9_3_12_0.005,False
452,Pathogenic,blosum62,1022,32000,1600,0.7_3_12_0.1,False
453,Pathogenic,blosum62,150,32000,51200,0.9_3_12_0,False
454,Pathogenic,blosum62,1071,32000,51200,0.8_3_12_0.1,False
455,Pathogenic,blosum62,1074,32000,51200,0.8_3_12_0.05,False
456,Pathogenic,blosum62,1355,32000,3200,0.7_3_12_0,False
457,Pathogenic,blosum62,125,32000,51200,0.9_3_12_0.2,False
458,Pathogenic,blosum62,917,32000,1600,0.7_3_12_0.2,False
459,Pathogenic,blosum62,604,32000,800,0.7_3_12_0.005,False
460,Pathogenic,blosum62,1626,32000,6400,0.7_3_12_0,False
461,Pathogenic,blosum62,16,32000,800,0.9_3_12_0.1,False
462,Pathogenic,blosum62,549,32000,12800,0.8_3_12_0.2,False
463,Pathogenic,blosum62,1995,32000,25600,0.7_3_12_0.2,False
464,Pathogenic,blosum62,136,32000,25600,0.9_3_12_0.005,False
465,Pathogenic,blosum62,136,32000,25600,0.9_3_12_0,False
466,Pathogenic,blosum62,1914,32000,12800,0.7_3_12_0.1,False
467,Pathogenic,blosum62,883,32000,25600,0.8_3_12_0.1,False
468,Pathogenic,blosum62,1927,32000,12800,0.7_3_12_0.05,False
469,Pathogenic,blosum62,512,32000,6400,0.8_3_12_0.005,False
470,Pathogenic,blosum62,126,32000,25600,0.9_3_12_0.2,False
471,Pathogenic,blosum62,544,32000,800,0.7_3_12_0.2,False
472,Pathogenic,blosum62,878,32000,25600,0.8_3_12_0.05,False
473,Pathogenic,blosum62,222,32000,1600,0.8_3_12_0.05,False
474,Pathogenic,blosum62,353,32000,3200,0.8_3_12_0.005,False
475,Pathogenic,blosum62,105,32000,12800,0.9_3_12_0.1,False
476,Pathogenic,blosum62,1102,32000,51200,0.8_3_12_0,False
477,Pathogenic,blosum62,1108,32000,51200,0.8_3_12_0.005,False
478,Pathogenic,blosum62,78,32000,6400,0.9_3_12_0.05,False
479,Pathogenic,blosum62,45,32000,1600,0.9_3_12_0,False
480,Pathogenic,blosum62,61,32000,3200,0.9_3_12_0.05,False
481,Pathogenic,blosum62,46,32000,1600,0.9_3_12_0.2,False
482,Pathogenic,blosum62,221,32000,1600,0.8_3_12_0,False
483,Pathogenic,blosum62,1658,32000,6400,0.7_3_12_0.05,False
484,Pathogenic,blosum62,45,32000,1600,0.9_3_12_0.1,False
485,Pathogenic,blosum62,967,32000,1600,0.7_3_12_0.005,False
486,Pathogenic,blosum62,1382,32000,3200,0.7_3_12_0.05,False
487,Pathogenic,blosum62,108,32000,800,0.8_3_12_0.05,False
488,Pathogenic,blosum62,146,32000,51200,0.9_3_12_0.05,False
489,Pathogenic,blosum62,1899,32000,12800,0.7_3_12_0.005,False
490,Pathogenic,pam250,975,32000,800,0.8_3_12_0.05,False
491,Pathogenic,pam250,848,32000,3200,0.9_3_12_0,False
492,Pathogenic,pam250,848,32000,3200,0.9_3_12_0.005,False
493,Pathogenic,pam250,3263,32000,51200,0.8_3_12_0.2,False
494,Pathogenic,pam250,628,32000,1600,0.9_3_12_0.1,False
495,Pathogenic,pam250,1063,32000,6400,0.9_3_12_0.005,False
496,Pathogenic,pam250,1491,32000,25600,0.9_3_12_0.05,False
497,Pathogenic,pam250,1061,32000,6400,0.9_3_12_0,False
498,Pathogenic,pam250,614,32000,1600,0.9_3_12_0.2,False
499,Pathogenic,pam250,2112,32000,3200,0.8_3_12_0,False
500,Pathogenic,pam250,3927,32000,51200,0.8_3_12_0.005,False
501,Pathogenic,pam250,2591,32000,6400,0.8_3_12_0,False
502,Pathogenic,pam250,1690,32000,51200,0.9_3_12_0.1,False
503,Pathogenic,pam250,955,32000,800,0.8_3_12_0,False
504,Pathogenic,pam250,965,32000,800,0.8_3_12_0.005,False
505,Pathogenic,pam250,1749,32000,51200,0.9_3_12_0,False
506,Pathogenic,pam250,3800,32000,51200,0.8_3_12_0.05,False
507,Pathogenic,pam250,384,32000,800,0.9_3_12_0,False
508,Pathogenic,pam250,3471,32000,25600,0.8_3_12_0,False
509,Pathogenic,pam250,1503,32000,25600,0.9_3_12_0.005,False
510,Pathogenic,pam250,962,32000,800,0.8_3_12_0.1,False
511,Pathogenic,pam250,3406,32000,25600,0.8_3_12_0.05,False
512,Pathogenic,pam250,2607,32000,6400,0.8_3_12_0.005,False
513,Pathogenic,pam250,2142,32000,3200,0.8_3_12_0.005,False
514,Pathogenic,pam250,3913,32000,51200,0.8_3_12_0,False
515,Pathogenic,pam250,2589,32000,6400,0.8_3_12_0.05,False
516,Pathogenic,pam250,2169,32000,3200,0.8_3_12_0.05,False
517,Pathogenic,pam250,1730,32000,51200,0.9_3_12_0.005,False
518,Pathogenic,pam250,3001,32000,25600,0.8_3_12_0.2,False
519,Pathogenic,pam250,621,32000,1600,0.9_3_12_0.05,False
520,Pathogenic,pam250,2173,32000,3200,0.8_3_12_0.1,False
521,Pathogenic,pam250,1724,32000,51200,0.9_3_12_0.05,False
522,Pathogenic,pam250,2580,32000,6400,0.8_3_12_0.1,False
523,Pathogenic,pam250,2998,32000,12800,0.8_3_12_0.1,False
524,Pathogenic,pam250,391,32000,800,0.9_3_12_0.1,False
525,Pathogenic,pam250,2284,32000,6400,0.8_3_12_0.2,False
526,Pathogenic,pam250,1213,32000,12800,0.9_3_12_0.2,False
527,Pathogenic,pam250,1506,32000,25600,0.9_3_12_0,False
528,Pathogenic,pam250,1903,32000,3200,0.8_3_12_0.2,False
529,Pathogenic,pam250,3482,32000,25600,0.8_3_12_0.005,False
530,Pathogenic,pam250,1481,32000,25600,0.9_3_12_0.1,False
531,Pathogenic,pam250,1061,32000,6400,0.9_3_12_0.1,False
532,Pathogenic,pam250,618,32000,1600,0.9_3_12_0.005,False
533,Pathogenic,pam250,384,32000,800,0.9_3_12_0.2,False
534,Pathogenic,pam250,618,32000,1600,0.9_3_12_0,False
535,Pathogenic,pam250,845,32000,3200,0.9_3_12_0.1,False
536,Pathogenic,pam250,1505,32000,1600,0.8_3_12_0,False
537,Pathogenic,pam250,1292,32000,12800,0.9_3_12_0.005,False
538,Pathogenic,pam250,829,32000,3200,0.9_3_12_0.2,False
539,Pathogenic,pam250,3031,32000,12800,0.8_3_12_0,False
540,Pathogenic,pam250,1018,32000,6400,0.9_3_12_0.2,False
541,Pathogenic,pam250,1296,32000,12800,0.9_3_12_0.05,False
542,Pathogenic,pam250,3739,32000,51200,0.8_3_12_0.1,False
543,Pathogenic,pam250,384,32000,800,0.9_3_12_0.005,False
544,Pathogenic,pam250,1554,32000,51200,0.9_3_12_0.2,False
545,Pathogenic,pam250,3373,32000,25600,0.8_3_12_0.1,False
546,Pathogenic,pam250,1517,32000,1600,0.8_3_12_0.005,False
547,Pathogenic,pam250,853,32000,800,0.8_3_12_0.2,False
548,Pathogenic,pam250,2711,32000,12800,0.8_3_12_0.2,False
549,Pathogenic,pam250,3052,32000,12800,0.8_3_12_0.005,False
550,Pathogenic,pam250,1286,32000,12800,0.9_3_12_0.1,False
551,Pathogenic,pam250,1296,32000,12800,0.9_3_12_0,False
552,Pathogenic,pam250,1399,32000,25600,0.9_3_12_0.2,False
553,Pathogenic,pam250,1534,32000,1600,0.8_3_12_0.05,False
554,Pathogenic,pam250,1573,32000,1600,0.8_3_12_0.1,False
555,Pathogenic,pam250,855,32000,3200,0.9_3_12_0.05,False
556,Pathogenic,pam250,388,32000,800,0.9_3_12_0.05,False
557,Pathogenic,pam250,1054,32000,6400,0.9_3_12_0.05,False
558,Pathogenic,pam250,3002,32000,12800,0.8_3_12_0.05,False
559,Pathogenic,pam250,1422,32000,1600,0.8_3_12_0.2,False
560,Pathogenic,blosum45,204,32000,800,0.8_3_12_0.05,False
561,Pathogenic,blosum45,1811,32000,12800,0.7_3_12_0.05,False
562,Pathogenic,blosum45,599,32000,6400,0.8_3_12_0.005,False
563,Pathogenic,blosum45,1,32000,800,0.9_3_12_0,False
564,Pathogenic,blosum45,1007,32000,25600,0.8_3_12_0.05,False
565,Pathogenic,blosum45,296,32000,1600,0.8_3_12_0,False
566,Pathogenic,blosum45,5,32000,1600,0.9_3_12_0.1,False
567,Pathogenic,blosum45,460,32000,3200,0.8_3_12_0.005,False
568,Pathogenic,blosum45,5,32000,1600,0.9_3_12_0.2,False
569,Pathogenic,blosum45,5,32000,1600,0.9_3_12_0,False
570,Pathogenic,blosum45,548,32000,800,0.7_3_12_0,False
571,Pathogenic,blosum45,2324,32000,51200,0.7_3_12_0,False
572,Pathogenic,blosum45,70,32000,12800,0.9_3_12_0.005,False
573,Pathogenic,blosum45,992,32000,51200,0.8_3_12_0.2,False
574,Pathogenic,blosum45,2044,32000,25600,0.7_3_12_0.005,False
575,Pathogenic,blosum45,887,32000,1600,0.7_3_12_0.005,False
576,Pathogenic,blosum45,164,32000,800,0.8_3_12_0,False
577,Pathogenic,blosum45,2205,32000,51200,0.7_3_12_0.1,False
578,Pathogenic,blosum45,129,32000,51200,0.9_3_12_0.05,False
579,Pathogenic,blosum45,176,32000,800,0.8_3_12_0.2,False
580,Pathogenic,blosum45,70,32000,12800,0.9_3_12_0,False
581,Pathogenic,blosum45,164,32000,800,0.8_3_12_0.005,False
582,Pathogenic,blosum45,121,32000,51200,0.9_3_12_0.1,False
583,Pathogenic,blosum45,2315,32000,51200,0.7_3_12_0.005,False
584,Pathogenic,blosum45,1198,32000,3200,0.7_3_12_0,False
585,Pathogenic,blosum45,1611,32000,12800,0.7_3_12_0.2,False
586,Pathogenic,blosum45,853,32000,25600,0.8_3_12_0.2,False
587,Pathogenic,blosum45,10,32000,3200,0.9_3_12_0.005,False
588,Pathogenic,blosum45,5,32000,1600,0.9_3_12_0.05,False
589,Pathogenic,blosum45,99,32000,25600,0.9_3_12_0.05,False
590,Pathogenic,blosum45,34,32000,6400,0.9_3_12_0.005,False
591,Pathogenic,blosum45,844,32000,1600,0.7_3_12_0.2,False
592,Pathogenic,blosum45,1491,32000,6400,0.7_3_12_0,False
593,Pathogenic,blosum45,822,32000,12800,0.8_3_12_0.1,False
594,Pathogenic,blosum45,2013,32000,25600,0.7_3_12_0.1,False
595,Pathogenic,blosum45,67,32000,12800,0.9_3_12_0.2,False
596,Pathogenic,blosum45,923,32000,1600,0.7_3_12_0.1,False
597,Pathogenic,blosum45,917,32000,1600,0.7_3_12_0.05,False
598,Pathogenic,blosum45,96,32000,25600,0.9_3_12_0.1,False
599,Pathogenic,blosum45,778,32000,12800,0.8_3_12_0.005,False
600,Pathogenic,blosum45,1228,32000,51200,0.8_3_12_0.05,False
601,Pathogenic,blosum45,1,32000,800,0.9_3_12_0.2,False
602,Pathogenic,blosum45,503,32000,3200,0.8_3_12_0.1,False
603,Pathogenic,blosum45,657,32000,6400,0.8_3_12_0.1,False
604,Pathogenic,blosum45,536,32000,6400,0.8_3_12_0.2,False
605,Pathogenic,blosum45,585,32000,800,0.7_3_12_0.1,False
606,Pathogenic,blosum45,651,32000,6400,0.8_3_12_0.05,False
607,Pathogenic,blosum45,509,32000,3200,0.8_3_12_0.05,False
608,Pathogenic,blosum45,408,32000,3200,0.8_3_12_0.2,False
609,Pathogenic,blosum45,2051,32000,25600,0.7_3_12_0,False
610,Pathogenic,blosum45,778,32000,12800,0.8_3_12_0,False
611,Pathogenic,blosum45,458,32000,3200,0.8_3_12_0,False
612,Pathogenic,blosum45,32,32000,6400,0.9_3_12_0.1,False
613,Pathogenic,blosum45,1,32000,800,0.9_3_12_0.005,False
614,Pathogenic,blosum45,519,32000,800,0.7_3_12_0.2,False
615,Pathogenic,blosum45,1200,32000,51200,0.8_3_12_0.1,False
616,Pathogenic,blosum45,1774,32000,12800,0.7_3_12_0.005,False
617,Pathogenic,blosum45,300,32000,1600,0.8_3_12_0.005,False
618,Pathogenic,blosum45,1991,32000,51200,0.7_3_12_0.2,False
619,Pathogenic,blosum45,11,32000,3200,0.9_3_12_0.1,False
620,Pathogenic,blosum45,593,32000,6400,0.8_3_12_0,False
621,Pathogenic,blosum45,552,32000,800,0.7_3_12_0.005,False
622,Pathogenic,blosum45,10,32000,3200,0.9_3_12_0.2,False
623,Pathogenic,blosum45,10,32000,3200,0.9_3_12_0,False
624,Pathogenic,blosum45,1195,32000,51200,0.8_3_12_0.005,False
625,Pathogenic,blosum45,1,32000,800,0.9_3_12_0.1,False
626,Pathogenic,blosum45,114,32000,51200,0.9_3_12_0.2,False
627,Pathogenic,blosum45,34,32000,6400,0.9_3_12_0,False
628,Pathogenic,blosum45,31,32000,6400,0.9_3_12_0.2,False
629,Pathogenic,blosum45,102,32000,25600,0.9_3_12_0,False
630,Pathogenic,blosum45,1218,32000,3200,0.7_3_12_0.005,False
631,Pathogenic,blosum45,829,32000,12800,0.8_3_12_0.05,False
632,Pathogenic,blosum45,1514,32000,6400,0.7_3_12_0.005,False
633,Pathogenic,blosum45,2066,32000,25600,0.7_3_12_0.05,False
634,Pathogenic,blosum45,576,32000,800,0.7_3_12_0.05,False
635,Pathogenic,blosum45,102,32000,25600,0.9_3_12_0.005,False
636,Pathogenic,blosum45,1203,32000,51200,0.8_3_12_0,False
637,Pathogenic,blosum45,10,32000,3200,0.9_3_12_0.05,False
638,Pathogenic,blosum45,5,32000,1600,0.9_3_12_0.005,False
639,Pathogenic,blosum45,873,32000,1600,0.7_3_12_0,False
640,Pathogenic,blosum45,1413,32000,6400,0.7_3_12_0.2,False
641,Pathogenic,blosum45,2287,32000,51200,0.7_3_12_0.05,False
642,Pathogenic,blosum45,1189,32000,3200,0.7_3_12_0.2,False
643,Pathogenic,blosum45,33,32000,6400,0.9_3_12_0.05,False
644,Pathogenic,blosum45,953,32000,25600,0.8_3_12_0,False
645,Pathogenic,blosum45,1760,32000,12800,0.7_3_12_0,False
646,Pathogenic,blosum45,132,32000,51200,0.9_3_12_0.005,False
647,Pathogenic,blosum45,1255,32000,3200,0.7_3_12_0.05,False
648,Pathogenic,blosum45,1270,32000,3200,0.7_3_12_0.1,False
649,Pathogenic,blosum45,1532,32000,6400,0.7_3_12_0.1,False
650,Pathogenic,blosum45,205,32000,800,0.8_3_12_0.1,False
651,Pathogenic,blosum45,1542,32000,6400,0.7_3_12_0.05,False
652,Pathogenic,blosum45,343,32000,1600,0.8_3_12_0.1,False
653,Pathogenic,blosum45,1785,32000,12800,0.7_3_12_0.1,False
654,Pathogenic,blosum45,1009,32000,25600,0.8_3_12_0.1,False
655,Pathogenic,blosum45,67,32000,12800,0.9_3_12_0.05,False
656,Pathogenic,blosum45,678,32000,12800,0.8_3_12_0.2,False
657,Pathogenic,blosum45,1863,32000,25600,0.7_3_12_0.2,False
658,Pathogenic,blosum45,1,32000,800,0.9_3_12_0.05,False
659,Pathogenic,blosum45,953,32000,25600,0.8_3_12_0.005,False
660,Pathogenic,blosum45,66,32000,12800,0.9_3_12_0.1,False
661,Pathogenic,blosum45,295,32000,1600,0.8_3_12_0.2,False
662,Pathogenic,blosum45,132,32000,51200,0.9_3_12_0,False
663,Pathogenic,blosum45,99,32000,25600,0.9_3_12_0.2,False
664,Pathogenic,blosum45,343,32000,1600,0.8_3_12_0.05,False
665,Pathogenic,pam70,0,32000,800,0.9_3_12_0.05,False
666,Pathogenic,pam70,81,32000,800,0.8_3_12_0.2,False
667,Pathogenic,pam70,162,32000,1600,0.8_3_12_0.1,False
668,Pathogenic,pam70,27,32000,51200,0.9_3_12_0.05,False
669,Pathogenic,pam70,3,32000,12800,0.9_3_12_0,False
670,Pathogenic,pam70,161,32000,1600,0.8_3_12_0.2,False
671,Pathogenic,pam70,3,32000,12800,0.9_3_12_0.005,False
672,Pathogenic,pam70,246,32000,3200,0.8_3_12_0.05,False
673,Pathogenic,pam70,363,32000,6400,0.8_3_12_0.05,False
674,Pathogenic,pam70,731,32000,1600,0.7_3_12_0.005,False
675,Pathogenic,pam70,1591,32000,25600,0.7_3_12_0.1,False
676,Pathogenic,pam70,250,32000,3200,0.8_3_12_0,False
677,Pathogenic,pam70,503,32000,12800,0.8_3_12_0.1,False
678,Pathogenic,pam70,940,32000,3200,0.7_3_12_0.2,False
679,Pathogenic,pam70,1647,32000,25600,0.7_3_12_0.005,False
680,Pathogenic,pam70,0,32000,1600,0.9_3_12_0.05,False
681,Pathogenic,pam70,608,32000,25600,0.8_3_12_0.2,False
682,Pathogenic,pam70,1298,32000,12800,0.7_3_12_0.2,False
683,Pathogenic,pam70,1109,32000,6400,0.7_3_12_0.2,False
684,Pathogenic,pam70,367,32000,6400,0.8_3_12_0,False
685,Pathogenic,pam70,0,32000,3200,0.9_3_12_0,False
686,Pathogenic,pam70,10,32000,25600,0.9_3_12_0.1,False
687,Pathogenic,pam70,1162,32000,6400,0.7_3_12_0.1,False
688,Pathogenic,pam70,251,32000,3200,0.8_3_12_0.005,False
689,Pathogenic,pam70,372,32000,6400,0.8_3_12_0.005,False
690,Pathogenic,pam70,989,32000,3200,0.7_3_12_0.1,False
691,Pathogenic,pam70,1925,32000,51200,0.7_3_12_0,False
692,Pathogenic,pam70,621,32000,25600,0.8_3_12_0.05,False
693,Pathogenic,pam70,0,32000,6400,0.9_3_12_0,False
694,Pathogenic,pam70,740,32000,1600,0.7_3_12_0.05,False
695,Pathogenic,pam70,3,32000,12800,0.9_3_12_0.2,False
696,Pathogenic,pam70,1403,32000,12800,0.7_3_12_0.05,False
697,Pathogenic,pam70,0,32000,800,0.9_3_12_0.2,False
698,Pathogenic,pam70,1809,32000,51200,0.7_3_12_0.1,False
699,Pathogenic,pam70,1920,32000,51200,0.7_3_12_0.005,False
700,Pathogenic,pam70,0,32000,800,0.9_3_12_0,False
701,Pathogenic,pam70,722,32000,51200,0.8_3_12_0.2,False
702,Pathogenic,pam70,24,32000,51200,0.9_3_12_0.1,False
703,Pathogenic,pam70,523,32000,12800,0.8_3_12_0.005,False
704,Pathogenic,pam70,482,32000,800,0.7_3_12_0.1,False
705,Pathogenic,pam70,83,32000,800,0.8_3_12_0.005,False
706,Pathogenic,pam70,785,32000,51200,0.8_3_12_0.05,False
707,Pathogenic,pam70,521,32000,12800,0.8_3_12_0,False
708,Pathogenic,pam70,484,32000,800,0.7_3_12_0,False
709,Pathogenic,pam70,1647,32000,25600,0.7_3_12_0,False
710,Pathogenic,pam70,481,32000,800,0.7_3_12_0.05,False
711,Pathogenic,pam70,83,32000,800,0.8_3_12_0,False
712,Pathogenic,pam70,0,32000,3200,0.9_3_12_0.1,False
713,Pathogenic,pam70,720,32000,1600,0.7_3_12_0,False
714,Pathogenic,pam70,0,32000,6400,0.9_3_12_0.1,False
715,Pathogenic,pam70,11,32000,25600,0.9_3_12_0.05,False
716,Pathogenic,pam70,0,32000,6400,0.9_3_12_0.2,False
717,Pathogenic,pam70,0,32000,6400,0.9_3_12_0.005,False
718,Pathogenic,pam70,0,32000,3200,0.9_3_12_0.005,False
719,Pathogenic,pam70,0,32000,3200,0.9_3_12_0.2,False
720,Pathogenic,pam70,1411,32000,12800,0.7_3_12_0.005,False
721,Pathogenic,pam70,1518,32000,25600,0.7_3_12_0.2,False
722,Pathogenic,pam70,366,32000,6400,0.8_3_12_0.1,False
723,Pathogenic,pam70,485,32000,12800,0.8_3_12_0.2,False
724,Pathogenic,pam70,245,32000,3200,0.8_3_12_0.1,False
725,Pathogenic,pam70,629,32000,25600,0.8_3_12_0.1,False
726,Pathogenic,pam70,1366,32000,12800,0.7_3_12_0.1,False
727,Pathogenic,pam70,161,32000,1600,0.8_3_12_0.05,False
728,Pathogenic,pam70,1196,32000,6400,0.7_3_12_0.005,False
729,Pathogenic,pam70,1630,32000,25600,0.7_3_12_0.05,False
730,Pathogenic,pam70,244,32000,3200,0.8_3_12_0.2,False
731,Pathogenic,pam70,7,32000,25600,0.9_3_12_0.2,False
732,Pathogenic,pam70,496,32000,12800,0.8_3_12_0.05,False
733,Pathogenic,pam70,829,32000,51200,0.8_3_12_0,False
734,Pathogenic,pam70,3,32000,12800,0.9_3_12_0.1,False
735,Pathogenic,pam70,823,32000,51200,0.8_3_12_0.005,False
736,Pathogenic,pam70,347,32000,6400,0.8_3_12_0.2,False
737,Pathogenic,pam70,1021,32000,3200,0.7_3_12_0.005,False
738,Pathogenic,pam70,447,32000,800,0.7_3_12_0.2,False
739,Pathogenic,pam70,0,32000,6400,0.9_3_12_0.05,False
740,Pathogenic,pam70,721,32000,1600,0.7_3_12_0.2,False
741,Pathogenic,pam70,163,32000,1600,0.8_3_12_0,False
742,Pathogenic,pam70,0,32000,3200,0.9_3_12_0.05,False
743,Pathogenic,pam70,163,32000,1600,0.8_3_12_0.005,False
744,Pathogenic,pam70,0,32000,1600,0.9_3_12_0,False
745,Pathogenic,pam70,1175,32000,6400,0.7_3_12_0.05,False
746,Pathogenic,pam70,0,32000,800,0.9_3_12_0.1,False
747,Pathogenic,pam70,12,32000,25600,0.9_3_12_0.005,False
748,Pathogenic,pam70,1001,32000,3200,0.7_3_12_0.05,False
749,Pathogenic,pam70,13,32000,25600,0.9_3_12_0,False
750,Pathogenic,pam70,750,32000,1600,0.7_3_12_0.1,False
751,Pathogenic,pam70,31,32000,51200,0.9_3_12_0,False
752,Pathogenic,pam70,3,32000,12800,0.9_3_12_0.05,False
753,Pathogenic,pam70,30,32000,51200,0.9_3_12_0.005,False
754,Pathogenic,pam70,1678,32000,51200,0.7_3_12_0.2,False
755,Pathogenic,pam70,1017,32000,3200,0.7_3_12_0,False
756,Pathogenic,pam70,0,32000,1600,0.9_3_12_0.1,False
757,Pathogenic,pam70,779,32000,51200,0.8_3_12_0.1,False
758,Pathogenic,pam70,1191,32000,6400,0.7_3_12_0,False
759,Pathogenic,pam70,0,32000,800,0.9_3_12_0.005,False
760,Pathogenic,pam70,80,32000,800,0.8_3_12_0.05,False
761,Pathogenic,pam70,1411,32000,12800,0.7_3_12_0,False
762,Pathogenic,pam70,666,32000,25600,0.8_3_12_0,False
763,Pathogenic,pam70,1888,32000,51200,0.7_3_12_0.05,False
764,Pathogenic,pam70,15,32000,51200,0.9_3_12_0.2,False
765,Pathogenic,pam70,81,32000,800,0.8_3_12_0.1,False
766,Pathogenic,pam70,484,32000,800,0.7_3_12_0.005,False
767,Pathogenic,pam70,668,32000,25600,0.8_3_12_0.005,False
768,Pathogenic,pam70,0,32000,1600,0.9_3_12_0.2,False
769,Pathogenic,pam70,0,32000,1600,0.9_3_12_0.005,False
